https://www.mindat.org/photos/113/96/0113965001085780319.jpg, bauxite
https://www.mindat.org/photos/002/91/0002917001088471580.jpg, geologicalmapofbauxitedistrict
https://www.mindat.org/photos/337/61/0337618001113660199.jpg, redworldofbauxitemines
https://www.mindat.org/photos/265/26/0265267001113831727.jpg, bauxitemineentry
https://www.mindat.org/photos/089/69/0089698001113850068.jpg, specialexcavatorinbauxitemine
https://www.mindat.org/photos/239/16/0239167001113888095.jpg, hematitecrustonbauxite
https://www.mindat.org/photos/266/91/0266918001195606301.jpg, bauxite
https://www.mindat.org/photos/366/02/0366021001219218729.jpg, bauxite
https://www.mindat.org/photos/076/46/0076460001204916783.jpg, bauxite
https://www.mindat.org/photos/068/27/0068271001208613234.jpg, deepredbauxite
https://www.mindat.org/photos/902/15/0902156001211313974.jpg, bauxite
https://www.mindat.org/photos/033/66/0033666001211314569.jpg, bauxite
https://www.mindat.org/photos/895/48/0895488001211314905.jpg, bauxite
https://www.mindat.org/xpic.php?fname=0569285001254685718.jpg&h=c0807bf60ba89525c3a97d6347eb3af4, bauxite
https://www.mindat.org/xpic.php?fname=0387219001254685384.jpg&h=bbd8670cb1c0343174e8b4c155505c3e, bauxite
https://www.mindat.org/photos/241/84/0241842001263140970.jpg, bauxitemine
https://www.mindat.org/photos/950/53/0950534001278331249.jpg, bauxite
https://www.mindat.org/photos/736/22/0736223001288906139.jpg, bauxite
https://www.mindat.org/photos/839/26/0839266001289158593.jpg, bauxite
https://www.mindat.org/photos/849/26/0849267001289158630.jpg, bauxite
https://www.mindat.org/photos/293/15/0293153001290284221.jpg, bauxite
https://www.mindat.org/photos/416/68/0416680001292469077.jpg, bauxite
https://www.mindat.org/photos/425/75/0425751001299255650.jpg, lantzbauxitemine
https://www.mindat.org/xpic.php?fname=0777993001302099734.jpg&h=8e5d9973555cf83b9d4b5a34ab95d8d0, bauxite
https://www.mindat.org/photos/079/40/0079406001304703955.jpg, bauxite
https://www.mindat.org/photos/978/23/0978235001304703911.jpg, bauxite
https://www.mindat.org/xpic.php?fname=0387717001314468782.jpg&h=155b15c28e269ead9ae43f673c3ab64a, bauxite
https://www.mindat.org/xpic.php?fname=0156050001314468607.jpg&h=1e76600956c6477300709ce002c24347, bauxite
https://www.mindat.org/photos/405/83/0405835001316233992.jpg, bauxite
https://www.mindat.org//imagecache/b5/0d/00722270014970006383375.jpg, bauxite
https://www.mindat.org//imagecache/36/2a/08459450014977520104844.jpg, bauxite
https://www.mindat.org//imagecache/ca/fe/09575710014977520105281.jpg, bauxite
https://www.mindat.org/photos/012/45/0012458001343736291.jpg, bauxite
https://www.mindat.org//imagecache/f7/4c/07802150014949390252595.jpg, bauxite
https://www.mindat.org/xpic.php?fname=0019607001364647656.jpg&h=6aca2be64e32ab58b7686730c4f6f2e4, saddlebackbauxitemine
https://www.mindat.org/xpic.php?fname=0443549001364648061.jpg&h=7ed46986499646dcf52bf1aa04d7fd6a, saddlebackbauxitemine
https://www.mindat.org/xpic.php?fname=0978172001374398655.jpg&h=9329ab24aec09c4219de83cc902239ba, willowdalebauxitemine
https://www.mindat.org/xpic.php?fname=0214180001375616021.jpg&h=0f8bb6e5703e2e1d8f858ee2886b07c3, bauxite
https://www.mindat.org/xpic.php?fname=0136143001375615830.jpg&h=3f059a8937cc85fc08c42ace919eba8e, bauxite
https://www.mindat.org/xpic.php?fname=0423687001376850929.jpg&h=cedbeaa5e1904f4533eb61b8182dd363, bauxite
https://www.mindat.org/photos/953/31/0953313001405488578.jpg, bauxite
https://www.mindat.org/photos/808/53/08085390014446269666193.jpg, bauxite
https://www.mindat.org/photos/087/35/00873570014446270268556.jpg, bauxite
https://www.mindat.org/xpic.php?fname=01187340014481848324851.jpg&h=64856fda9ed9a19ace1e4d2d9336ac98, bauxitehorizon
