https://www.mindat.org/photos/884/25/088425000994372526.jpg, kfeldspar
https://www.mindat.org/photos/713/99/0713993001215628450.jpg, kfeldspar
https://www.mindat.org/photos/649/28/0649286001031836389.jpg, kfeldspar
https://www.mindat.org/photos/137/49/0137495001049349432.jpg, kfeldspar
https://www.mindat.org/photos/507/51/0507518001049779646.jpg, kfeldspar
https://www.mindat.org/photos/682/94/0682944001055774217.jpg, kfeldspar
https://www.mindat.org/photos/740/90/0740903001065902558.jpg, kfeldspar
https://www.mindat.org/photos/844/98/0844989001092750855.jpg, kfeldspar
https://www.mindat.org/photos/260/24/0260244001103594302.jpg, feldspargroup
https://www.mindat.org/photos/023/71/0023718001105471227.jpg, kfeldspar
https://www.mindat.org/xpic.php?fname=0444471001113865374.jpg&h=20dc11dcca428c628379b118a69b1eda, feldspargroup
https://www.mindat.org/photos/162/51/0162518001116864157.jpg, kfeldspar
https://www.mindat.org/photos/359/43/0359430001116864375.jpg, kfeldspar
https://www.mindat.org/photos/974/86/0974866001118170994.jpg, kfeldspar
https://www.mindat.org/photos/240/65/0240656001121800085.jpg, kfeldspar
https://www.mindat.org/photos/573/84/0573848001123854259.jpg, kfeldspar
https://www.mindat.org/photos/529/21/0529218001128346027.jpg, feldspargroup
https://www.mindat.org/photos/338/14/0338143001128576562.jpg, kfeldspar
https://www.mindat.org/photos/038/22/0038228001128672317.jpg, kfeldspar
https://www.mindat.org/photos/318/47/0318470001131524552.jpg, feldspargroup
https://www.mindat.org/photos/121/63/0121637001131525026.jpg, feldspargroup
https://www.mindat.org/photos/129/28/0129288001131553152.jpg, feldspargroup
https://www.mindat.org/photos/558/38/0558384001131552475.jpg, feldspargroup
https://www.mindat.org/photos/414/71/0414717001131553962.jpg, feldspargroup
https://www.mindat.org/photos/716/83/0716831001131552751.jpg, feldspargroup
https://www.mindat.org/photos/000/62/0000629001200137540.jpg, kfeldspar
https://www.mindat.org/photos/084/63/0084637001200138400.jpg, kfeldspar
https://www.mindat.org/photos/623/53/0623533001200138528.jpg, kfeldspar
https://www.mindat.org/photos/453/91/0453913001133559982.jpg, kfeldspar
https://www.mindat.org/photos/099/06/0099067001231360373.jpg, feldspargroup
https://www.mindat.org/photos/747/86/0747864001340653432.jpg, feldspargroup
https://www.mindat.org/photos/550/12/0550120001230561674.jpg, feldspargroup
https://www.mindat.org/photos/767/29/0767298001200137692.jpg, kfeldspar
https://www.mindat.org/photos/738/35/0738352001228859868.jpg, feldspargroup
https://www.mindat.org/photos/701/60/0701606001138798580.jpg, feldspargroup
https://www.mindat.org/photos/988/02/0988029001138798637.jpg, feldspargroup
https://www.mindat.org/photos/149/23/0149234001138798696.jpg, feldspargroup
https://www.mindat.org/xpic.php?fname=0063282001144149187.jpg&h=0f94901b2bb9a08dfdf7a81cce35fc4e, feldspargroup
https://www.mindat.org/photos/557/15/0557151001144691924.jpg, kfeldspar
https://www.mindat.org/photos/628/44/0628441001144691924.jpg, kfeldspar
https://www.mindat.org/photos/697/34/0697347001144691924.jpg, kfeldspar
https://www.mindat.org/photos/056/05/0056052001145793311.jpg, feldspargroup
https://www.mindat.org/photos/968/84/0968841001146130372.jpg, kfeldspar
https://www.mindat.org/photos/167/84/0167840001200137930.jpg, kfeldspar
https://www.mindat.org/photos/256/87/0256876001200138296.jpg, kfeldspar
https://www.mindat.org/photos/643/78/0643780001146900734.jpg, feldspargroup
https://www.mindat.org/photos/616/43/0616438001146900966.jpg, feldspargroup
https://www.mindat.org/photos/564/46/0564469001349302836.jpg, kfeldspar
https://www.mindat.org/photos/686/88/0686889001349303121.jpg, kfeldspar
https://www.mindat.org/photos/700/21/0700219001147770609.jpg, feldspargroup
https://www.mindat.org/photos/055/78/0055784001147771353.jpg, feldspargroup
https://www.mindat.org/photos/100/07/0100073001147809507.jpg, feldspargroup
https://www.mindat.org/photos/910/01/0910010001148411681.jpg, kfeldspar
https://www.mindat.org/photos/234/17/0234177001225687827.jpg, feldspargroup
https://www.mindat.org/photos/828/70/0828708001148911950.jpg, kfeldspar
https://www.mindat.org/photos/537/36/0537361001148911664.jpg, kfeldspar
https://www.mindat.org/photos/980/25/0980252001148912012.jpg, kfeldspar
https://www.mindat.org/photos/353/39/0353395001150459955.jpg, kfeldspar
https://www.mindat.org/photos/842/80/0842803001150460295.jpg, kfeldspar
https://www.mindat.org/photos/817/07/0817077001150528626.jpg, kfeldspar
https://www.mindat.org/photos/758/63/0758633001150866856.jpg, kfeldspar
https://www.mindat.org/photos/133/06/0133069001150866917.jpg, kfeldspar
https://www.mindat.org/photos/662/42/0662423001151003812.jpg, feldspargroup
https://www.mindat.org/photos/586/97/0586973001154551751.jpg, kfeldspar
https://www.mindat.org/photos/217/43/0217433001157041950.jpg, feldspargroup
https://www.mindat.org/photos/434/24/0434243001157092238.jpg, kfeldspar
https://www.mindat.org/photos/506/77/0506774001157468091.jpg, kfeldspar
https://www.mindat.org/photos/248/81/0248815001231369266.jpg, feldspargroup
https://www.mindat.org/photos/693/36/0693365001231418167.jpg, feldspargroup
https://www.mindat.org/photos/584/39/0584399001158074203.jpg, feldspargroup
https://www.mindat.org/photos/575/63/0575632001159052248.jpg, feldspargroup
https://www.mindat.org/photos/756/90/0756902001221623453.jpg, kfeldspar
https://www.mindat.org/photos/100/46/0100460001160501291.jpg, kfeldspar
https://www.mindat.org/photos/774/36/0774368001160501446.jpg, kfeldspar
https://www.mindat.org/photos/411/39/0411391001164375405.jpg, kfeldspar
https://www.mindat.org/photos/225/83/0225835001164996593.jpg, feldspargroup
https://www.mindat.org/xpic.php?fname=0911022001165002132.jpg&h=8abdbc6883b9d8c73874ec71c5cdbe5d, feldspargroup
https://www.mindat.org/photos/317/77/0317776001167069108.jpg, feldspargroup
https://www.mindat.org/photos/476/02/0476023001167241714.jpg, kfeldspar
https://www.mindat.org/photos/221/25/0221257001167348061.jpg, kfeldspar
https://www.mindat.org/photos/031/58/0031581001167347990.jpg, kfeldspar
https://www.mindat.org/photos/868/54/0868549001167348021.jpg, kfeldspar
https://www.mindat.org/photos/881/53/0881530001167347799.jpg, kfeldspar
https://www.mindat.org/xpic.php?fname=0116847001167406909.jpg&h=a9e4363031fe94f6f8a15580b57288d2, kfeldspar
https://www.mindat.org/xpic.php?fname=0271757001167407089.jpg&h=6995c981911e74938ed9ff4f4526ba32, kfeldspar
https://www.mindat.org/xpic.php?fname=0222972001167407228.jpg&h=7527f1c2371ad299a80f65210545a2a3, kfeldspar
https://www.mindat.org/xpic.php?fname=0416031001167493885.jpg&h=57c219415667b49d7d393817afed46b8, kfeldspar
https://www.mindat.org/xpic.php?fname=0614411001167493764.jpg&h=56d95f80c4a44a351a0c58719f5341da, kfeldspar
https://www.mindat.org/xpic.php?fname=0766466001167493962.jpg&h=11469d22765269acb242444f59f3908d, kfeldspar
https://www.mindat.org/xpic.php?fname=0808575001167494102.jpg&h=27b323a112d313b18f9fbf5ccde8705a, kfeldspar
https://www.mindat.org/xpic.php?fname=0110254001167494026.jpg&h=d4de85b68c753619e2c3dc5de2dd7bab, kfeldspar
https://www.mindat.org/xpic.php?fname=0889277001167817476.jpg&h=c13103a853ad6b81319c83464bcadf74, kfeldspar
https://www.mindat.org/xpic.php?fname=0134751001167815815.jpg&h=613a37c78e1a3b9afdcfb256b6ee57c2, kfeldspar
https://www.mindat.org/xpic.php?fname=0125923001167816425.jpg&h=86ab196f248ad370458bb85be678c145, kfeldspar
https://www.mindat.org/xpic.php?fname=0167968001167905405.jpg&h=8cf44b65f1587bf2cd7568af30fe0663, kfeldspar
https://www.mindat.org/xpic.php?fname=0275613001167905685.jpg&h=9f20b757f1bd21978a7b693419c4218f, kfeldspar
https://www.mindat.org/xpic.php?fname=0436261001167906394.jpg&h=167f0e50bf91e6da9a27ba2eca5d609b, kfeldspar
https://www.mindat.org/xpic.php?fname=0831339001167906847.jpg&h=f7a1300a87374f1b73a560bb5890a4ff, kfeldspar
https://www.mindat.org/photos/239/80/0239808001232033444.jpg, feldspargroup
https://www.mindat.org/xpic.php?fname=0742687001172652989.jpg&h=efdcd57b04fb84b150fb43af22cf30e5, kfeldspar
https://www.mindat.org/xpic.php?fname=0394589001173212998.jpg&h=995f48b7727ac5e21f84dc55b63806d9, kfeldspar
https://www.mindat.org/photos/475/84/0475845001229066201.jpg, kfeldspar
https://www.mindat.org/xpic.php?fname=0988815001173888872.jpg&h=462a704b7be18767338ec0dd95c78b4c, kfeldspar
https://www.mindat.org/xpic.php?fname=0139517001173889063.jpg&h=cc419c80d23073e1daf13280a9f08ff3, kfeldspar
https://www.mindat.org/xpic.php?fname=0731699001178556561.jpg&h=ec8632fad71d5fc882762ea7d7ccb855, feldspargroup
https://www.mindat.org/photos/488/94/0488941001178797733.jpg, kfeldspar
https://www.mindat.org/photos/816/39/0816391001178797299.jpg, kfeldspar
https://www.mindat.org/xpic.php?fname=0477569001179336510.jpg&h=e05aa3359b6c1ef78ada8ad3e0885041, kfeldspar
https://www.mindat.org/xpic.php?fname=0800737001179336773.jpg&h=a92caad4cf776fa18dade58ce3a44257, kfeldspar
https://www.mindat.org/xpic.php?fname=0343852001179336711.jpg&h=d8f062ca87d1d49d8b49a6b348ecdd92, kfeldspar
https://www.mindat.org/xpic.php?fname=0639526001182800430.jpg&h=2887a0a82a23f45f6f6c5d04a9af8d1b, kfeldspar
https://www.mindat.org/photos/472/76/0472760001188753236.jpg, kfeldspar
https://www.mindat.org/xpic.php?fname=0656531001189862970.jpg&h=a1779aea927d81b565955acd47995b57, kfeldspar
https://www.mindat.org/xpic.php?fname=0081186001189863699.jpg&h=468d52b106316506586c14168864fd89, kfeldspar
https://www.mindat.org/photos/146/81/0146813001189972984.jpg, kfeldspar
https://www.mindat.org/photos/872/10/0872106001220689467.jpg, kfeldspar
https://www.mindat.org/photos/842/62/0842623001123935679.jpg, thefeldsparmine
https://www.mindat.org/photos/803/69/0803699001124280058.jpg, feldsparcut
https://www.mindat.org/photos/054/29/0054290001124280225.jpg, anotherpartofthefeldsparcut
https://www.mindat.org/photos/212/58/0212585001236458053.jpg, winteratmainefeldsparquarry
https://www.mindat.org/photos/816/84/0816848001139673364.jpg, lookingsefromtopofmainefeldspartailingmounds.
https://www.mindat.org/photos/200/00/0200005001176311099.jpg, kfeldspar
https://www.mindat.org/xpic.php?fname=0293860001194317214.jpg&h=92e4540efae27943a5ae2daff2096ff8, aquamarineonfeldspar
https://www.mindat.org/photos/292/71/0292711001195785473.jpg, kfeldspar
https://www.mindat.org/xpic.php?fname=0007930001196673307.jpg&h=21080a656d6a9ee1c04629bfd3185147, kfeldspar
https://www.mindat.org/xpic.php?fname=0823105001196673432.jpg&h=0bd5e4ee715a677563f0210cce9be6ae, kfeldspar
https://www.mindat.org/photos/025/71/0025712001196703786.jpg, kfeldspar
https://www.mindat.org/photos/465/27/0465271001196861683.jpg, kfeldspar
https://www.mindat.org/photos/465/27/04652710011968616831.jpg, kfeldspar
https://www.mindat.org/photos/465/27/04652710011968616832.jpg, kfeldspar
https://www.mindat.org/xpic.php?fname=0393244001197020247.jpg&h=bad5558f6fb6e1727930d1c500e030fa, kfeldspar
https://www.mindat.org/xpic.php?fname=0739341001197411745.jpg&h=b2810ba56d5fab5723d34586e49598e7, kfeldspar
https://www.mindat.org/photos/019/05/0019050001197412617.jpg, kfeldspar
https://www.mindat.org/photos/012/71/0012713001197680518.jpg, kfeldspar
https://www.mindat.org/photos/650/61/0650619001197680264.jpg, kfeldspar
https://www.mindat.org/photos/902/31/0902311001197680468.jpg, kfeldspar
https://www.mindat.org/photos/718/22/0718225001197680559.jpg, kfeldspar
https://www.mindat.org/photos/279/49/0279496001197680607.jpg, kfeldspar
https://www.mindat.org/xpic.php?fname=0514230001199554977.jpg&h=a9ca8aaa5ec9577f5178bf0536eb8308, feldspargroup
https://www.mindat.org/photos/395/73/0395736001199573973.jpg, kfeldspar
https://www.mindat.org/photos/129/56/0129565001199573920.jpg, kfeldspar
https://www.mindat.org/xpic.php?fname=0604905001202981180.jpg&h=, kfeldspar
https://www.mindat.org/photos/661/74/0661747001203154333.jpg, feldsparvar.amazonitewithsmokyquart
https://www.mindat.org/xpic.php?fname=0081493001273516500.jpg&h=0c7c0574ff84d4cde068b9216792cb7c, kfeldspar
https://www.mindat.org/photos/121/84/0121849001203557590.jpg, feldsparvar.amazonit
https://www.mindat.org/photos/719/01/0719017001204678743.jpg, kfeldspar
https://www.mindat.org/photos/878/30/0878305001204678914.jpg, kfeldspar
https://www.mindat.org/photos/726/89/0726893001205116857.jpg, kfeldspar
https://www.mindat.org/photos/981/99/0981990001205116888.jpg, kfeldspar
https://www.mindat.org/photos/149/66/0149667001205117059.jpg, kfeldspar
https://www.mindat.org/photos/566/49/0566498001205116945.jpg, kfeldspar
https://www.mindat.org/photos/913/82/0913829001205963971.jpg, kfeldspar
https://www.mindat.org/xpic.php?fname=0142715001206661194.jpg&h=8927ff53b28f9c7014a469234bf8b494, feldspargroup
https://www.mindat.org/xpic.php?fname=0053115001206661388.jpg&h=45521cafabb70d07a09a11a5ad4af776, feldspargroup
https://www.mindat.org/xpic.php?fname=0888441001206660858.jpg&h=35f1ac1658506ca69f8000d7f1ecd63e, feldspargroup
https://www.mindat.org/xpic.php?fname=0417279001206661292.jpg&h=8ee324ff045b6b906d49ec17bfd2dd86, feldspargroup
https://www.mindat.org/photos/100/96/0100969001207067631.jpg, kfeldspar
https://www.mindat.org/photos/466/77/0466779001207067871.jpg, kfeldspar
https://www.mindat.org/xpic.php?fname=0552656001207387159.jpg&h=63771a55458afb065261986d623747be, kfeldspar
https://www.mindat.org/xpic.php?fname=0110191001208468615.jpg&h=e6b58dd65da1931f5ec32eb430f7ccd6, kfeldspar
https://www.mindat.org/photos/264/41/0264412001335216937.jpg, feldspargroup
https://www.mindat.org/xpic.php?fname=0629570001209842510.jpg&h=55a583ecfea14e480d635c6241d10cec, thelongabandonedfeldsparquarry
https://www.mindat.org/xpic.php?fname=0909854001209914882.jpg&h=8a68476bd6c9fa0c491cd551607c11cd, feldsparveins
https://www.mindat.org/xpic.php?fname=0207868001210268394.jpg&h=00a81632637cfa60642f7dfcf921817c, kfeldspar
https://www.mindat.org/photos/931/31/0931314001212452715.jpg, feldspargroup
https://www.mindat.org/photos/768/02/0768027001213818708.jpg, kfeldspar
https://www.mindat.org/xpic.php?fname=0368470001214612176.jpg&h=009219d1d2f70957363958ff4d7ae744, viewofafeldspar&amazoniteoccuarnce
https://www.mindat.org/xpic.php?fname=0888982001214610097.jpg&h=2f6eff4c7432afccd5386b5cba4c8bef, viewoffeldspar&quartz
https://www.mindat.org/xpic.php?fname=0888982001214610097.jpg&h=2f6eff4c7432afccd5386b5cba4c8bef, viewoffeldspar&quartz
https://www.mindat.org/xpic.php?fname=0533547001215488013.jpg&h=54adc8c034dd95dc7942e28d1f796963, feldspargroup
https://www.mindat.org/xpic.php?fname=0459661001215902528.jpg&h=461e0ff50de06c74d9ee70e559a30e2e, feldspargroup
https://www.mindat.org/xpic.php?fname=0301196001215902774.jpg&h=659f2b572081521f625a5aebeecdb87d, feldspargroup
https://www.mindat.org/xpic.php?fname=0372305001215902850.jpg&h=ca73d777d1fcf6932e826e9c8e5342b1, feldspargroup
https://www.mindat.org/xpic.php?fname=0267478001217697323.jpg&h=9ab176433a1b23833d70aebba9edb828, kfeldspar
https://www.mindat.org/xpic.php?fname=0876704001217700170.jpg&h=02b9f96c7e793b093b63b81710d1d4ce, kfeldspar
https://www.mindat.org/xpic.php?fname=0125730001218908913.jpg&h=f7d7e669883a0f3de4b5a9627233d126, feldspargroup
https://www.mindat.org/xpic.php?fname=0366666001221673608.jpg&h=d95dcf51f5f2d25b7da5eeea45b0b214, largefeldspar
https://www.mindat.org/photos/398/20/0398206001222086714.jpg, kfeldspar
https://www.mindat.org/photos/033/22/0033221001223228566.jpg, kfeldspar
https://www.mindat.org/photos/436/90/0436907001223859689.jpg, kfeldspar
https://www.mindat.org/photos/982/09/0982098001223860186.jpg, kfeldspar
https://www.mindat.org/photos/931/40/0931407001224020702.jpg, feldsparpegmatite
https://www.mindat.org/photos/348/73/0348739001224120243.jpg, kfeldspar
https://www.mindat.org/photos/730/49/0730494001224491060.jpg, kfeldspar
https://www.mindat.org/photos/514/03/0514031001224491196.jpg, kfeldspar
https://www.mindat.org/photos/035/42/0035426001225231976.jpg, kfeldspar
https://www.mindat.org/xpic.php?fname=0540957001226257699.jpg&h=22d79e41e65b618bb92382de265aa43b, feldsparcrystals
https://www.mindat.org/photos/157/62/0157629001226590620.jpg, kfeldspar
https://www.mindat.org/xpic.php?fname=0305190001226881179.jpg&h=5a2ae4eaa092b52a7a71976b8a605422, feldspargroup
https://www.mindat.org/photos/285/49/0285499001228530040.jpg, kfeldspar
https://www.mindat.org/photos/425/12/0425123001229022985.jpg, feldspargroup
https://www.mindat.org/photos/003/47/0003472001229889460.jpg, g.d.willesfeldsparquarry
https://www.mindat.org/photos/050/60/0050605001231022391.jpg, largefeldsparcrystals
https://www.mindat.org/xpic.php?fname=0890437001231165019.jpg&h=0e95d0e3773e915296d28aad84f2fdcd, kfeldspar
https://www.mindat.org/xpic.php?fname=0347658001232932371.jpg&h=360de8ac145c4ac4ef28429b6504a101, kfeldspar
https://www.mindat.org/xpic.php?fname=0642436001232933468.jpg&h=bfa8298b78767f38d3bbb7acbd517dbe, kfeldspar
https://www.mindat.org/photos/581/44/0581448001233538698.jpg, kfeldspar
https://www.mindat.org/photos/755/70/0755707001235539493.jpg, kfeldspar
https://www.mindat.org/xpic.php?fname=0855913001235642569.jpg&h=64ec8cf13806b248a9c2a3a8b0359a6e, kfeldspar
https://www.mindat.org/photos/131/51/0131516001235699152.jpg, kfeldspar
https://www.mindat.org/xpic.php?fname=0072177001235863916.jpg&h=92ad4c319f4691723f169fadc2484235, feldspargroup
https://www.mindat.org/photos/226/84/0226849001235932732.jpg, feldspargroup
https://www.mindat.org/xpic.php?fname=0988170001236730119.jpg&h=8bef45af2186591fd2b7f93fbb9fc78e, feldspargroup
https://www.mindat.org/photos/932/09/0932097001237592042.jpg, kfeldspar
https://www.mindat.org/xpic.php?fname=0000913001237853605.jpg&h=c2325e454273746deba30638fda382c9, feldspargroup
https://www.mindat.org/xpic.php?fname=0838469001240385790.jpg&h=4f9bb0150ea24c9163b28c5cee1b05a6, kfeldspar
https://www.mindat.org/photos/987/11/0987112001240708035.jpg, oneofthefeldsparquarries
https://www.mindat.org/xpic.php?fname=0839655001240968983.jpg&h=c7b2105c3f7f90d53a56e9256093de8e, feldspardisplay
https://www.mindat.org/xpic.php?fname=0214051001244124298.jpg&h=69e2de5facd7c8e8496f211819170415, feldspargroup
https://www.mindat.org/xpic.php?fname=0480478001244124602.jpg&h=7e313ffb4259cf574a8be8accfdd2439, feldspargroup
https://www.mindat.org/xpic.php?fname=0949637001244253281.jpg&h=d14e2d89f734fd097d587f9fe34f9de7, feldspargroup
https://www.mindat.org/xpic.php?fname=0428814001244253411.jpg&h=c606250845064fc374b3fdbaa3f647bf, feldspargroup
https://www.mindat.org/photos/042/02/0042020001244445982.jpg, kfeldspar
https://www.mindat.org/xpic.php?fname=0360195001245336466.jpg&h=6e688f23578d5b7aa3adad574f9a331d, kfeldspar
https://www.mindat.org/photos/779/31/0779318001245427102.jpg, feldspargroup
https://www.mindat.org/photos/808/25/0808253001245573252.jpg, kfeldspar
https://www.mindat.org/photos/544/00/0544008001246060934.jpg, awesometwinnedfeldspar
https://www.mindat.org/xpic.php?fname=0189393001247795545.jpg&h=ea789ef5fbf9e361115875d6be405383, feldspargroup
https://www.mindat.org/xpic.php?fname=0725196001247795685.jpg&h=a5763b065e361811b26b8d9b101d4a33, feldspargroup
https://www.mindat.org/photos/780/59/0780598001248444465.jpg, kfeldspar
https://www.mindat.org/photos/053/48/0053481001248444593.jpg, kfeldspar
https://www.mindat.org/xpic.php?fname=0644025001250112873.jpg&h=1638a65e5e425f7baf56a3a3c1da93b6, feldspargroup
https://www.mindat.org/xpic.php?fname=0858239001251391244.jpg&h=541640f5ae17c50af6681d3fad6978a2, feldspargroup
https://www.mindat.org/xpic.php?fname=0801531001254443393.jpg&h=58bb54de4c5810bff44d0605d21ea585, kfeldspar
https://www.mindat.org/photos/845/34/0845343001256293951.jpg, kfeldspar
https://www.mindat.org/photos/427/30/0427304001256502389.jpg, kfeldspar
https://www.mindat.org/photos/120/54/0120540001256508855.jpg, kfeldspar
https://www.mindat.org/photos/361/45/0361459001256509239.jpg, kfeldspar
https://www.mindat.org/photos/273/27/0273276001257623115.jpg, kfeldspar
https://www.mindat.org/xpic.php?fname=0495473001257622931.jpg&h=58f7bb419e099df8c2e1b2cdbd345b19, kfeldspar
https://www.mindat.org/xpic.php?fname=0751822001257623800.jpg&h=5f290d50b546e33abfacce6ba68e9687, kfeldspar
https://www.mindat.org/xpic.php?fname=0944928001257624508.jpg&h=66d0581af9fc408e904019c606f89a94, kfeldspar
https://www.mindat.org/photos/309/72/0309724001257791690.jpg, kfeldspar
https://www.mindat.org/photos/904/72/0904724001257841237.jpg, feldsparveins
https://www.mindat.org/xpic.php?fname=0487563001258052375.jpg&h=b1d4d999160e7cbfbc8758e6f0e1f8c5, kfeldspar
https://www.mindat.org/photos/229/35/0229358001258198797.jpg, kfeldspar
https://www.mindat.org/photos/256/15/0256159001259750719.jpg, kfeldspar
https://www.mindat.org/photos/243/78/0243783001259750929.jpg, kfeldspar
https://www.mindat.org/photos/345/34/0345344001259941790.jpg, kfeldspar
https://www.mindat.org/photos/170/54/0170546001259941724.jpg, kfeldspar
https://www.mindat.org/photos/591/11/0591110001260216983.jpg, kfeldspar
https://www.mindat.org/photos/052/75/0052751001260651842.jpg, kfeldspar
https://www.mindat.org/photos/800/87/0800873001261877860.jpg, kfeldspar
https://www.mindat.org/photos/177/04/0177041001262045134.jpg, kfeldspar
https://www.mindat.org/photos/551/23/0551237001262045854.jpg, kfeldspar
https://www.mindat.org/photos/362/44/0362440001262046215.jpg, kfeldspar
https://www.mindat.org/photos/484/85/0484850001262046875.jpg, kfeldspar
https://www.mindat.org/photos/745/57/0745572001262165868.jpg, kfeldspar
https://www.mindat.org/photos/991/79/0991791001262166015.jpg, kfeldspar
https://www.mindat.org/photos/731/37/0731371001262167123.jpg, kfeldspar
https://www.mindat.org/photos/711/31/0711310001264831601.jpg, kfeldspar
https://www.mindat.org/photos/777/94/0777947001266748015.jpg, kfeldspar
https://www.mindat.org/photos/525/27/0525273001266748264.jpg, kfeldspar
https://www.mindat.org/photos/242/54/0242544001266748628.jpg, kfeldspar
https://www.mindat.org/photos/337/04/0337048001266748578.jpg, kfeldspar
https://www.mindat.org/photos/347/71/0347711001266748301.jpg, kfeldspar
https://www.mindat.org/photos/511/33/0511339001266748670.jpg, kfeldspar
https://www.mindat.org/photos/972/55/0972550001266748360.jpg, kfeldspar
https://www.mindat.org/photos/551/70/0551704001267121737.jpg, kfeldspar
https://www.mindat.org/xpic.php?fname=0318988001267767626.jpg&h=af047eed944b1521ecd481fc29baa55b, feldspargroup
https://www.mindat.org/photos/785/65/0785654001267922062.jpg, feldspargroup
https://www.mindat.org/photos/708/48/0708488001267922110.jpg, feldspargroup
https://www.mindat.org/photos/079/68/0079683001268370421.jpg, feldspargroup
https://www.mindat.org/xpic.php?fname=0991710001268744300.jpg&h=aca6a2012fa7349201620b00781f64f5, feldspardeposit
https://www.mindat.org/xpic.php?fname=0646155001269546116.jpg&h=44665146bf0b004812be6e4861a11d4d, kfeldspar
https://www.mindat.org/photos/294/32/0294329001270140355.jpg, kfeldspar
https://www.mindat.org/photos/312/60/0312607001270140384.jpg, kfeldspar
https://www.mindat.org/photos/171/02/0171029001270140308.jpg, kfeldspar
https://www.mindat.org/photos/136/10/0136109001270140408.jpg, kfeldspar
https://www.mindat.org/photos/088/56/0088568001271132048.jpg, kfeldspar
https://www.mindat.org/xpic.php?fname=0170719001271473039.jpg&h=8c353e43e93f3e9f96d3fc441d5f5ab6, kfeldspar
https://www.mindat.org/xpic.php?fname=0502783001271473394.jpg&h=ff9362fa063c6e45f73f89730bb5a82c, kfeldspar
https://www.mindat.org/photos/298/97/0298973001274405922.jpg, kfeldspar
https://www.mindat.org/photos/681/69/0681692001274916335.jpg, kfeldspar
https://www.mindat.org/photos/923/24/0923246001274916628.jpg, kfeldspar
https://www.mindat.org/photos/199/70/0199702001275344703.jpg, kfeldspar
https://www.mindat.org/photos/338/48/0338487001275344750.jpg, kfeldspar
https://www.mindat.org/photos/047/49/0047493001275508582.jpg, kfeldspar
https://www.mindat.org/photos/654/35/0654358001275508404.jpg, kfeldspar
https://www.mindat.org/xpic.php?fname=0943054001275785594.jpg&h=fe529a014e9c3a353737a2785b2741fe, feldsparquarry(1906orearlier)
https://www.mindat.org/photos/783/49/0783498001277843091.jpg, kfeldspar
https://www.mindat.org/photos/313/07/0313070001277843148.jpg, kfeldspar
https://www.mindat.org/photos/661/14/0661141001277843182.jpg, kfeldspar
https://www.mindat.org/photos/341/38/0341380001278286374.jpg, feldspargroup
https://www.mindat.org/xpic.php?fname=0688157001282066105.jpg&h=750597c55507ad129d141d71d9716c5d, kfeldspar
https://www.mindat.org/xpic.php?fname=0766554001282419480.jpg&h=0d84e104da80c804c7dd6ed2f53c91e1, feldspargroup
https://www.mindat.org/xpic.php?fname=0353135001282492938.jpg&h=debd13ef36f830ba81eb22b3e5f89f4b, feldspargroup
https://www.mindat.org/xpic.php?fname=0546452001282493125.jpg&h=3ef3cfa82cb0d5ce64521a8d4df99a32, feldspargroup
https://www.mindat.org/photos/527/95/0527954001284405611.jpg, kfeldspar
https://www.mindat.org/photos/179/11/0179111001284668590.jpg, feldspargroup
https://www.mindat.org/photos/760/03/0760036001284668540.jpg, feldspargroup
https://www.mindat.org/photos/111/51/0111515001284723245.jpg, kfeldspar
https://www.mindat.org/photos/650/22/0650221001286171642.jpg, kfeldspar
https://www.mindat.org/xpic.php?fname=0290918001288581745.jpg&h=a24e46808d57f9716a25fb2f3d9abf6f, kfeldspar
https://www.mindat.org/xpic.php?fname=0356687001288581370.jpg&h=81a3653a89d6893a2aed6a7bae4fddf4, kfeldspar
https://www.mindat.org/xpic.php?fname=0218773001288581776.jpg&h=b4e3c7bf027cebaf55d80ee01eb6e861, kfeldspar
https://www.mindat.org/photos/571/92/0571929001290195384.jpg, kfeldspar
https://www.mindat.org/photos/852/39/0852396001290198015.jpg, kfeldspar
https://www.mindat.org/photos/975/07/0975071001290198408.jpg, kfeldspar
https://www.mindat.org/photos/516/19/0516197001291071389.jpg, kfeldspar
https://www.mindat.org/xpic.php?fname=0513967001291252472.jpg&h=7e470092a47a1c66dc5348cf2839845c, feldspargroup
https://www.mindat.org/xpic.php?fname=0520431001291439182.jpg&h=2ab3556184698c2cca76680ff577ad02, feldspargroup
https://www.mindat.org/xpic.php?fname=0865694001291439908.jpg&h=78434fb276c2ce201f29a7c07d764df5, feldspargroup
https://www.mindat.org/photos/625/64/0625646001291913159.jpg, kfeldspar
https://www.mindat.org/xpic.php?fname=0144473001292706724.jpg&h=8337aa4436225cdedff08335a8aa1818, feldspargroup
https://www.mindat.org/photos/862/15/0862150001422799833.jpg, kfeldspar
https://www.mindat.org/photos/532/81/0532813001422799743.jpg, kfeldspar
https://www.mindat.org/photos/610/53/0610539001293561234.jpg, kfeldspar
https://www.mindat.org/photos/275/08/0275089001293561292.jpg, kfeldspar
https://www.mindat.org/xpic.php?fname=0044966001297993059.jpg&h=860046e3e22cb7f6ed1b1ddbdf38b143, aquamarineonfeldspar
https://www.mindat.org/xpic.php?fname=0790032001298091239.jpg&h=6669219a8d08bef2c50796b1987affd3, feldspargroup
https://www.mindat.org/photos/006/74/0006744001299025826.jpg, feldspargroup
https://www.mindat.org/xpic.php?fname=0262745001299633280.jpg&h=7e528028c158fe52ecd70852597be615, kfeldspar
https://www.mindat.org/xpic.php?fname=0556042001299773380.jpg&h=bd7ea3535d64ca35b969ab71a0a55bb6, kfeldspar
https://www.mindat.org/photos/741/25/0741252001300550901.jpg, feldspargroup
https://www.mindat.org/photos/164/44/0164447001301705165.jpg, kfeldspar
https://www.mindat.org/photos/939/45/0939455001301705127.jpg, kfeldspar
https://www.mindat.org/photos/777/81/0777811001301793599.jpg, kfeldspar
https://www.mindat.org/photos/188/00/0188009001301793653.jpg, kfeldspar
https://www.mindat.org/photos/301/01/0301013001301793701.jpg, kfeldspar
https://www.mindat.org/photos/786/19/0786194001302922155.jpg, kfeldspar
https://www.mindat.org/photos/130/93/0130936001302922210.jpg, kfeldspar
https://www.mindat.org/xpic.php?fname=0839309001303482850.jpg&h=3ae43db0bf9908adc25e71e6149fe553, kfeldspar
https://www.mindat.org/photos/733/87/0733870001303708798.jpg, kfeldspar
https://www.mindat.org/photos/576/16/0576169001303708850.jpg, kfeldspar
https://www.mindat.org/photos/212/11/0212113001303708873.jpg, kfeldspar
https://www.mindat.org/xpic.php?fname=0311181001304617417.jpg&h=9fe17f5d6bd3300c7ef6a81bfe3a1153, kfeldspar
https://www.mindat.org/photos/187/92/0187925001304874715.jpg, aquamarinewithfeldsparandmuscovite
https://www.mindat.org/xpic.php?fname=0455451001304995075.jpg&h=832f315dbd691359c2145d972e6f17ec, feldspargroup
https://www.mindat.org/xpic.php?fname=0492391001304995746.jpg&h=78f445c4a844576827e46219795ebc78, feldspargroup
https://www.mindat.org/xpic.php?fname=0643576001304995854.jpg&h=bc73315b6f93587af5983b37872db6b6, feldspargroup
https://www.mindat.org/xpic.php?fname=0404212001305075951.jpg&h=271bb202b277a0caceed48091c9d9523, feldspargroup
https://www.mindat.org/xpic.php?fname=0831417001305076134.jpg&h=0fcab486aa5f4572d0d566616a87c5c7, feldspargroup
https://www.mindat.org/xpic.php?fname=0980284001305076188.jpg&h=657f0a08480a38f206a06c3d462b8bbf, feldspargroup
https://www.mindat.org/xpic.php?fname=0336224001305382253.jpg&h=fc188bb3ece6d2533c8a2692de28340b, mineralizationinfeldspardike.
https://www.mindat.org/xpic.php?fname=0686447001305383096.jpg&h=84e2fc55db738a1a2f4ea155d1b8eff1, closeupofdarkcoloredquartzinthefeldspar.
https://www.mindat.org/xpic.php?fname=0686447001305383096.jpg&h=84e2fc55db738a1a2f4ea155d1b8eff1, closeupofdarkcoloredquartzinthefeldspar.
https://www.mindat.org/xpic.php?fname=0756343001305385970.jpg&h=62154b76e9608d29abaa11a3815876ff, feldspargroup
https://www.mindat.org/xpic.php?fname=0962743001305386419.jpg&h=5ab9b3ceefc25690e8160c310d54e00c, feldspargroup
https://www.mindat.org/xpic.php?fname=0905357001305386481.jpg&h=30bdb7456f975cf31cb24c33df970c35, feldspargroup
https://www.mindat.org/photos/265/57/0265570001305500561.jpg, feldspargroup
https://www.mindat.org/photos/801/91/0801919001305500595.jpg, feldspargroup
https://www.mindat.org/photos/752/82/0752824001305502392.jpg, kfeldspar
https://www.mindat.org/photos/202/73/0202739001305502429.jpg, kfeldspar
https://www.mindat.org/photos/493/66/0493666001305538527.jpg, kfeldspar
https://www.mindat.org/xpic.php?fname=0886447001306075329.jpg&h=1369ccbde25b6a95b198f54429755704, kfeldspar
https://www.mindat.org/xpic.php?fname=0786587001306076403.jpg&h=489b2405995c7adee9854ed679a2f959, kfeldspar
https://www.mindat.org/xpic.php?fname=0924022001306075920.jpg&h=b118c5a91b9fe965aa89171425707f6d, kfeldspar
https://www.mindat.org/xpic.php?fname=0277558001307818928.jpg&h=3e213e6554d231895bfe39b568ac2e3f, weatheredfeldspar
https://www.mindat.org/xpic.php?fname=0145770001354138943.jpg&h=e82b2fb84f9cd17c1205edbb01c87766, kfeldspar
https://www.mindat.org/photos/939/40/0939407001309749917.jpg, kfeldspar
https://www.mindat.org/photos/651/58/0651583001310814687.jpg, kfeldspar
https://www.mindat.org/photos/851/57/0851570001310814775.jpg, kfeldspar
https://www.mindat.org/photos/388/33/0388338001310814819.jpg, kfeldspar
https://www.mindat.org/photos/936/84/0936849001310814835.jpg, kfeldspar
https://www.mindat.org/photos/681/86/0681868001310814796.jpg, kfeldspar
https://www.mindat.org/photos/391/29/0391295001310814857.jpg, kfeldspar
https://www.mindat.org/photos/556/86/0556866001311787096.jpg, kfeldspar
https://www.mindat.org/photos/126/62/0126626001311788261.jpg, quartzandkfeldspardiscoveries
https://www.mindat.org/photos/126/62/0126626001311788261.jpg, quartzandkfeldspardiscoveries
https://www.mindat.org/xpic.php?fname=0025823001312273324.jpg&h=8eec55d952f96794b054a62c263130db, feldspargroup
https://www.mindat.org/xpic.php?fname=0560120001313242720.jpg&h=fa3321fc9c66a65d74ab7662c700ab55, kfeldspar
https://www.mindat.org/xpic.php?fname=0773827001313243270.jpg&h=940ee00e73d38fcc968b61489c84da7e, kfeldspar
https://www.mindat.org/photos/117/58/0117586001314578544.jpg, feldspargroup
https://www.mindat.org//imagecache/f1/e6/06259260014977459756143.jpg, kfeldspar
https://www.mindat.org/xpic.php?fname=0140662001317128807.jpg&h=f0bf25d33a75730970058e05f9811976, kfeldspar
https://www.mindat.org/xpic.php?fname=0336285001317596478.jpg&h=ce48d62faef2f7adc4ff054191b88edb, feldspargroup
https://www.mindat.org/photos/654/16/0654165001318559027.jpg, kfeldspar
https://www.mindat.org/xpic.php?fname=0634704001319884332.jpg&h=4aa24a301b88c1f0a295f268d1c3478f, micaonfeldspar
https://www.mindat.org/xpic.php?fname=0815100001319883175.jpg&h=02338cf3e395a9242fdf2c1e9da20466, partiallymosscoveredfeldspar
https://www.mindat.org/photos/919/62/0919629001319911227.jpg, feldspargroup
https://www.mindat.org/photos/390/05/0390056001320980589.jpg, feldspargroup
https://www.mindat.org/xpic.php?fname=0980005001321745331.jpg&h=32c95065f1f777c977c56161972c00ae, exposedfeldsparcontactzone
https://www.mindat.org/xpic.php?fname=0417363001322377467.jpg&h=62aa856587565e837a843d3d9886eb81, coarsefaceoffeldspar
https://www.mindat.org/xpic.php?fname=0047216001322374983.jpg&h=1314963cd3b52a5215b5b7e6c14d4a5d, feldsparcrystal(macrocrystalline)
https://www.mindat.org/xpic.php?fname=0165144001322377260.jpg&h=06fe93d48e88f52fa9fb1d4ba73473b7, smallerfeldsparcrystals
https://www.mindat.org/photos/525/62/0525624001322852761.jpg, kfeldspar
https://www.mindat.org/photos/404/69/0404699001322863303.jpg, kfeldspar
https://www.mindat.org/xpic.php?fname=0066218001325283474.jpg&h=9eed690687463a5685b370120cf8a656, kfeldspar
https://www.mindat.org/xpic.php?fname=0536019001325283673.jpg&h=8f5453886bca3648bc38602f674930a1, kfeldspar
https://www.mindat.org/xpic.php?fname=0743857001326411941.jpg&h=0f713b67dd51d234ab43365192d7e297, kfeldspar
https://www.mindat.org/photos/398/19/0398192001328382992.jpg, eretveitfeldsparquarry-partlyovergrown
https://www.mindat.org/photos/111/42/0111421001328381852.jpg, eretveitfeldsparquarry-partlyovergrown
https://www.mindat.org/xpic.php?fname=0422076001328985546.jpg&h=1ed24cb8cd352d6c836f1f7fa7b0ba8e, feldspargroup
https://www.mindat.org//imagecache/fa/90/06195590014977517265708.jpg, feldspargroup
https://www.mindat.org//imagecache/be/1d/05137720014977517411267.jpg, feldspargroup
https://www.mindat.org//imagecache/42/1f/00342540014977517424258.jpg, feldspargroup
https://www.mindat.org/xpic.php?fname=0756525001329060127.jpg&h=4b53060ad465d2760dc836cb646dc58c, feldspargroup
https://www.mindat.org/photos/017/70/0017704001384667626.jpg, feldspargroup
https://www.mindat.org/photos/863/08/0863089001336265186.jpg, ukprisms.feldspar?
https://www.mindat.org/photos/113/69/0113699001336265375.jpg, ukprisms.feldspar?stereo.
https://www.mindat.org/photos/840/82/0840824001339002654.jpg, feldspargroup
https://www.mindat.org/photos/578/35/0578355001339874233.jpg, kfeldspar
https://www.mindat.org/photos/489/58/0489583001344059409.jpg, kfeldspar
https://www.mindat.org/photos/552/81/0552814001344745110.jpg, kfeldspar
https://www.mindat.org/photos/407/60/0407601001344745173.jpg, kfeldspar
https://www.mindat.org/photos/744/26/0744267001345113254.jpg, kfeldspar
https://www.mindat.org/photos/527/67/0527679001345168852.jpg, kfeldspar
https://www.mindat.org/xpic.php?fname=0889410001345316816.jpg&h=5006c267166f08514b194f1cd42b51e9, kfeldspar
https://www.mindat.org/xpic.php?fname=0141632001345316737.jpg&h=5ba5da3d733acbf91dfd039582ec2a39, kfeldspar
https://www.mindat.org/xpic.php?fname=0526978001346537604.jpg&h=678f978ced067ed0f43808041c06b38b, feldspargroup
https://www.mindat.org/xpic.php?fname=0899138001346538658.jpg&h=edab3f273b6a1846382dec21fda390fe, feldspargroup
https://www.mindat.org/photos/909/05/0909056001346573367.jpg, labelforspecimenofapatiteandfluoriteonfeldspar
https://www.mindat.org/xpic.php?fname=0541069001346538810.jpg&h=ff5a68c01c6714c0827b385a0c173700, feldspargroup
https://www.mindat.org/xpic.php?fname=0776335001346538917.jpg&h=78f1bcdc2105821a0c623ed356f6b105, feldspargroup
https://www.mindat.org/xpic.php?fname=0043990001346538850.jpg&h=72e8a6692d11f3aa7d606bc91d2f621b, feldspargroup
https://www.mindat.org/xpic.php?fname=0485946001348866291.jpg&h=cb8cf236ce412776ffe72a201f732f9e, lannyallendiggingafeldsparpocket
https://www.mindat.org/xpic.php?fname=0383529001351655741.jpg&h=f0a06389aae78d5048126492b56ee677, kfeldspar
https://www.mindat.org/photos/155/51/0155515001352544895.jpg, feldspargroup
https://www.mindat.org/photos/532/13/0532133001352545002.jpg, feldspargroup
https://www.mindat.org/photos/525/15/0525154001352545036.jpg, feldspargroup
https://www.mindat.org/xpic.php?fname=0072715001355779295.jpg&h=39226f06792deb66ad6a12aa0ba470f6, kfeldspar
https://www.mindat.org//imagecache/0c/8b/02680630014977543693087.jpg, feldspargroup
https://www.mindat.org/photos/785/23/0785232001363446601.jpg, kfeldspar
https://www.mindat.org/xpic.php?fname=0670003001364863517.jpg&h=0250d4b3b401ec8c689771fa7ca5fed0, feldspargroup
https://www.mindat.org/photos/700/75/0700754001366762714.jpg, feldspargroup
https://www.mindat.org/photos/321/01/0321017001367453458.jpg, kfeldspar
https://www.mindat.org/photos/188/36/0188366001367453360.jpg, kfeldspar
https://www.mindat.org/xpic.php?fname=0395481001368524592.jpg&h=7427ba39baa939a45fcba0aa91613110, kfeldspar
https://www.mindat.org/xpic.php?fname=0149495001371565758.jpg&h=e72986e38d33fdc00f8d50aa1cdb421e, feldspargroup
https://www.mindat.org/photos/387/85/0387854001374037343.jpg, kfeldspar
https://www.mindat.org//imagecache/8e/79/01556240014977556797209.jpg, kfeldspar
https://www.mindat.org//imagecache/42/16/03168420014977556793546.jpg, kfeldspar
https://www.mindat.org/xpic.php?fname=0050338001375325235.jpg&h=71f7cf518060237c6e2708bbb2e38626, uklaths-possiblyfeldspar
https://www.mindat.org/xpic.php?fname=0754926001375325619.jpg&h=a24addd10b0fa994d5821b95d1de5ce7, uklaths-possiblyfeldspar-stereo
https://www.mindat.org/xpic.php?fname=0794645001375745007.jpg&h=e2af3aec721fdeca2bf7c6bbb0bda796, kfeldspar
https://www.mindat.org/xpic.php?fname=0262457001375743703.jpg&h=8f3446f0c219da830c3a8076f97736e9, kfeldspar
https://www.mindat.org/xpic.php?fname=0706818001375744498.jpg&h=7bf09babf98cb4208a4849cbc5e2f34f, kfeldspar
https://www.mindat.org/xpic.php?fname=0995060001376991541.jpg&h=c70e8c8b55eea263afa4df57e182ef27, kfeldspar
https://www.mindat.org/xpic.php?fname=0806993001376974910.jpg&h=b6a86bd52f7ee653ba7ec8a8a1c0f452, kfeldspar
https://www.mindat.org/xpic.php?fname=0223611001378159169.jpg&h=103a54547ddc0ed357ad8812778c488d, kfeldspar
https://www.mindat.org/xpic.php?fname=0466230001378160225.jpg&h=117e0a3c8e69452a27ea28284761d6ce, kfeldspar
https://www.mindat.org/xpic.php?fname=0554296001378160390.jpg&h=03c587c987b16ae06c389e49b95ccd3d, kfeldspar
https://www.mindat.org/xpic.php?fname=0733445001378668646.jpg&h=7808783d135d513b8565929c5cbad776, fuglevikafeldsparquarry
https://www.mindat.org/xpic.php?fname=0180472001379496082.jpg&h=ddee527f44ee67b75c7c3472b3dbf394, kfeldspar
https://www.mindat.org/xpic.php?fname=0376127001379497010.jpg&h=962c65b0ec6d3a0557624ddf6a696879, kfeldspar
https://www.mindat.org/xpic.php?fname=0237165001379811456.jpg&h=8a64143e84f4fa81390c5ba8a681d275, quartzandsulfidefillingofleachedfeldsparphenocryst?
https://www.mindat.org/xpic.php?fname=0237165001379811456.jpg&h=8a64143e84f4fa81390c5ba8a681d275, quartzandsulfidefillingofleachedfeldsparphenocryst?
https://www.mindat.org/xpic.php?fname=0526853001379866915.jpg&h=edc37b95287375c20c9ebbf6ce01a7cd, kfeldspar
https://www.mindat.org/xpic.php?fname=0883821001380990348.jpg&h=2b064a1c42a8eb662c2043f817d72912, mukinbudinfeldsparquarries
https://www.mindat.org/xpic.php?fname=0328522001380988398.jpg&h=e608a8993292eef117d95d4203d38c83, mukinbudinfeldsparquarries-easternpit
https://www.mindat.org/xpic.php?fname=0084997001380989283.jpg&h=b761b2d630399ec1829408a1b84311f9, mukinbudinfeldsparquarries-centralpit
https://www.mindat.org/xpic.php?fname=0053419001380989923.jpg&h=3b3f7fd1c2a3ea06f475a42d7ed59d86, mukinbudinfeldsparquarries-westernpit
https://www.mindat.org/xpic.php?fname=0709533001382470953.jpg&h=4dd75b58f3d11abc8077b593751d6ccd, kfeldspar
https://www.mindat.org/xpic.php?fname=0160936001382889903.jpg&h=38926207fc8fa287e85e7373ac49f4fb, jahrenfeldsparquarry
https://www.mindat.org/xpic.php?fname=0906445001383508669.jpg&h=a19afb1b10f415621baedbd20d5880d0, kfeldspar
https://www.mindat.org/xpic.php?fname=0892757001383509689.jpg&h=52ddf5d31bf3ffd989ad74299f53d59b, kfeldspar
https://www.mindat.org/xpic.php?fname=0874719001383509839.jpg&h=96bc4539b6d24b320757b3470356296e, kfeldspar
https://www.mindat.org/xpic.php?fname=0493506001383509772.jpg&h=6d88562407f2fdb270f47c66d190abfa, kfeldspar
https://www.mindat.org/xpic.php?fname=0398453001384213145.jpg&h=aefa1075701aab8de142eebb2e1fc4b5, sulfidesfillingspaceleftbyleachedfeldsparphenocryst?
https://www.mindat.org/xpic.php?fname=0152709001385792827.jpg&h=75d5982103c2fdd2526d81427eede8c2, kfeldspar
https://www.mindat.org/photos/189/46/0189463001386629116.jpg, kfeldspar
https://www.mindat.org/xpic.php?fname=0879534001386688980.jpg&h=be990fa3e5926e667819fcbb7c4ef8fb, feldspargroup
https://www.mindat.org//imagecache/e8/45/00379110014977569352686.jpg, kfeldspar
https://www.mindat.org/photos/066/12/0066125001389234025.jpg, kfeldspar
https://www.mindat.org/photos/548/97/0548973001389235599.jpg, kfeldspar
https://www.mindat.org/photos/508/39/0508392001389717264.jpg, kfeldspar
https://www.mindat.org/xpic.php?fname=0611916001390684365.jpg&h=489e6d3d602360bc6cb21742124eb013, garnetinfeldspar
https://www.mindat.org/xpic.php?fname=0958841001390683050.jpg&h=437c0f5794a595410681556eac783daa, feldspargroup
https://www.mindat.org/photos/750/77/0750779001391462584.jpg, kfeldspar
https://www.mindat.org/photos/543/52/0543522001391711899.jpg, kfeldspar
https://www.mindat.org/xpic.php?fname=0147970001392845062.jpg&h=89a48a07ac421d7fea9f02f3e176d6b9, kfeldspar
https://www.mindat.org/photos/301/90/0301901001394412042.jpg, kfeldspar
https://www.mindat.org/xpic.php?fname=0212349001394560838.jpg&h=8f63fdb7beb4b0b07d302f82531325ba, feldspargroup
https://www.mindat.org/xpic.php?fname=0291954001394859829.jpg&h=3d349178e4a5cc86d6fbda70ac7f07ec, feldspargroup
https://www.mindat.org/xpic.php?fname=0476334001402896998.jpg&h=2c67b0b821c99d1d979cf34f8e8235b6, feldspargroup
https://www.mindat.org/xpic.php?fname=0652023001395150915.jpg&h=16636dbb938f6d3ce80c910e51510783, kfeldspar
https://www.mindat.org/xpic.php?fname=0799861001395360253.jpg&h=0fc8bedd886ed3447011e2c0675bcabf, pegmatiticwithmicamuscoviteandfeldsparpinkbody
https://www.mindat.org/xpic.php?fname=0465391001396219105.jpg&h=0bb7984a66fea74ee1168cd1847cfc75, feldspargroup
https://www.mindat.org/xpic.php?fname=0690655001396217194.jpg&h=15ec9c88807f69a262338d1263cc806b, feldspargroup
https://www.mindat.org/photos/404/49/0404493001396465976.jpg, kfeldspar
https://www.mindat.org/photos/777/27/0777271001396466041.jpg, kfeldspar
https://www.mindat.org/xpic.php?fname=0298234001396638945.jpg&h=3486ccc532cd57e77b1eaaf48ea5b0d3, feldspargroup
https://www.mindat.org/xpic.php?fname=0078268001397345704.jpg&h=7e121802198eb42bcc07fa571446d748, outcropwithfeldsparandmica
https://www.mindat.org/photos/442/47/0442471001398874386.jpg, kfeldspar
https://www.mindat.org//imagecache/67/fd/02097000014956530264556.jpg, kfeldspar
https://www.mindat.org/xpic.php?fname=0039937001408168534.jpg&h=0a526ef69524f993561400d4d42aaa99, kfeldspar
https://www.mindat.org/xpic.php?fname=0818609001408360933.jpg&h=321fec14b8927194fb2e5fe0545fe2ad, kfeldspar
https://www.mindat.org/xpic.php?fname=0021833001411269660.jpg&h=fd3cfe71b46df4252a743b38c8f04c32, feldspargroup
https://www.mindat.org/xpic.php?fname=0246081001411266086.jpg&h=a62bfefa65393d304b115301305ce61b, feldspargroup
https://www.mindat.org/xpic.php?fname=0261820001411265612.jpg&h=b4369e7fa7276fe2ae1b6fcc14106ac3, feldspargroup
https://www.mindat.org/xpic.php?fname=0124470001411269798.jpg&h=a995c18e6459023e91fcd307c97e189b, feldspargroup
https://www.mindat.org/xpic.php?fname=0209480001411267259.jpg&h=999646a6c60953c2fc2558632279da0f, feldspargroup
https://www.mindat.org/xpic.php?fname=0041277001411267457.jpg&h=864ab8f3938226889b023a0da3a78da1, feldspargroup
https://www.mindat.org/xpic.php?fname=0869764001411266341.jpg&h=2aa5e93e381cac6d19aad4a877981106, feldspargroup
https://www.mindat.org/photos/538/26/0538267001412883851.jpg, kfeldspar
https://www.mindat.org//imagecache/77/51/04454640014977597221812.jpg, kfeldspar
https://www.mindat.org/xpic.php?fname=0234328001414790298.jpg&h=5c2f26d246d19c7e42b236fd7af211ca, kfeldspar
https://www.mindat.org/xpic.php?fname=0569654001415130319.jpg&h=6e7b12d6cfae39b91f71e60ff3c25a80, feldspargroup
https://www.mindat.org/xpic.php?fname=0618308001417100407.jpg&h=38958aee49cbb2e8634a708e3a0914b3, kfeldspar
https://www.mindat.org/xpic.php?fname=0377935001418374531.jpg&h=298ce6e1d940543d666c60b0b1cb31c1, feldspargroup
https://www.mindat.org/xpic.php?fname=0357252001418375444.jpg&h=c26cf8fefd2c9af5f085dfbc347df0d1, feldspargroup
https://www.mindat.org/xpic.php?fname=0695715001418375689.jpg&h=77f0344c1bd0aa0ba9e239ba279080d3, feldspargroup
https://www.mindat.org/xpic.php?fname=0591747001418375952.jpg&h=3098891628b74484b12da8498b9a0998, feldspargroup
https://www.mindat.org/xpic.php?fname=0942218001418375876.jpg&h=95253014d7cbe65234a3bd9e69415f51, feldspargroup
https://www.mindat.org/xpic.php?fname=0946041001419097285.jpg&h=cb90f61cacde118e30d6e1c0d22d0450, kfeldspar
https://www.mindat.org/photos/642/48/0642481001420855694.jpg, kfeldspar
https://www.mindat.org/photos/528/01/0528010001420855623.jpg, kfeldspar
https://www.mindat.org/xpic.php?fname=0192369001421127257.jpg&h=c9a8e1eed2d7a1f7dd7176b8a53831d3, kfeldspar
https://www.mindat.org/xpic.php?fname=0308033001421297514.jpg&h=d7be8eb4a4505e24e97af91411e18d6e, kfeldspar
https://www.mindat.org/xpic.php?fname=0149568001421627797.jpg&h=1b6989531ac678d00344033ac46eb650, feldspargroup
https://www.mindat.org/xpic.php?fname=0894271001421807594.jpg&h=7e88985cad06e31a5df3d42f277e1fa2, feldspargroup
https://www.mindat.org//imagecache/d0/b8/02967020014977606931813.jpg, feldspargroup
https://www.mindat.org/photos/425/86/0425869001423289534.jpg, kfeldspar
https://www.mindat.org/photos/033/16/0033161001423289115.jpg, kfeldspar
https://www.mindat.org/photos/253/71/0253713001423289565.jpg, kfeldspar
https://www.mindat.org/photos/019/29/0019294001423289505.jpg, kfeldspar
https://www.mindat.org/xpic.php?fname=0528344001424100577.jpg&h=e2e7fdb9f18762f8a8edaf95cfe17b0c, feldspargroup
https://www.mindat.org//imagecache/b8/22/03757800014951437731610.jpg, kfeldspar
https://www.mindat.org/photos/396/02/0396025001429505203.jpg, kfeldspar
https://www.mindat.org/photos/392/97/0392971001429505118.jpg, kfeldspar
https://www.mindat.org/photos/990/34/0990345001429505227.jpg, kfeldspar
https://www.mindat.org/photos/512/56/0512560001429505179.jpg, kfeldspar
https://www.mindat.org/photos/226/52/0226522001430819044.jpg, kfeldspar
https://www.mindat.org/photos/714/94/07149490014929040405371.jpg, feldspargroup
https://www.mindat.org/xpic.php?fname=0127096001431358548.jpg&h=cf8c4bc46c43dc4686e8a3dc0112feab, detailofalteredfeldsparphenocryst.(fov6.5mm)
https://www.mindat.org/xpic.php?fname=0232862001431359304.jpg&h=4d4a48e33101741fc2b6e711e272b176, alteredfeldsparphenocryst25x13mm
https://www.mindat.org/photos/995/35/0995355001433057490.jpg, kfeldspar
https://www.mindat.org/photos/584/87/0584871001433057419.jpg, kfeldspar
https://www.mindat.org/photos/659/40/06594040014349179741178.jpg, feldspargroup
https://www.mindat.org/xpic.php?fname=02334330014372514396206.jpg&h=7918fa73ecae8117d704e425d5d21e59, feldspargroup
https://www.mindat.org/xpic.php?fname=08061960014372512416479.jpg&h=e8de5547559aa4be9def130c84514494, feldspargroup
https://www.mindat.org/xpic.php?fname=00807830014387135087063.jpg&h=867b2dfaa41a6eff802e90bc5a9e880a, kfeldspar
https://www.mindat.org/xpic.php?fname=09743730014395867644371.jpg&h=7ee21afb9e885d1329efcc734050995e, feldspargroup
https://www.mindat.org/xpic.php?fname=04454750014398994756686.jpg&h=b5d3d5411f5226068965c462092df0c0, kfeldspar
https://www.mindat.org/photos/645/16/06451620014399459833100.jpg, kfeldspar
https://www.mindat.org/photos/112/58/01125840014399459193499.jpg, kfeldspar
https://www.mindat.org/photos/441/01/04410130014399460366488.jpg, kfeldspar
https://www.mindat.org/photos/917/44/09174460014399460092447.jpg, kfeldspar
https://www.mindat.org/photos/209/26/02092670014399635706274.jpg, kfeldspar
https://www.mindat.org/photos/021/07/00210730014399636691284.jpg, kfeldspar
https://www.mindat.org/photos/393/41/03934160014399637188548.jpg, kfeldspar
https://www.mindat.org/photos/847/56/08475690014399636344934.jpg, kfeldspar
https://www.mindat.org/photos/331/53/03315380014468555991952.jpg, feldspargroup
https://www.mindat.org//imagecache/48/1c/06886060014977632182351.jpg, letterheadofthemainefeldsparco.1911
https://www.mindat.org/photos/367/68/03676850014495026905334.jpg, kfeldspar
https://www.mindat.org/photos/643/52/06435240014499555956343.jpg, kfeldspar
https://www.mindat.org/xpic.php?fname=08925560014519911572156.jpg&h=86701b4c9f64bf0d1047fdd41bdb8dac, kfeldspar
https://www.mindat.org/photos/671/77/06717730014525654471961.jpg, kfeldspar
https://www.mindat.org/photos/971/32/09713280014525655883835.jpg, kfeldspar
https://www.mindat.org/photos/974/52/09745230014525655487913.jpg, kfeldspar
https://www.mindat.org/xpic.php?fname=04882670014526247702546.jpg&h=3eab64f8c130a67c71012cade2b504eb, kfeldspar
https://www.mindat.org/xpic.php?fname=01722660014526252604727.jpg&h=0c2f4b12fd01423af18ccf6b509c5cc2, kfeldspar
https://www.mindat.org//imagecache/ab/14/05424880014977640893403.jpg, feldspargroup
https://www.mindat.org/photos/244/24/02442410014585873423395.jpg, feldspargroup
https://www.mindat.org//imagecache/5f/85/05471370014977643361144.jpg, kfeldspar
https://www.mindat.org/xpic.php?fname=03735600014624659282741.jpg&h=8dd8f1f0a1cc7c5461aca21b36bc9827, kfeldspar
https://www.mindat.org//imagecache/8c/68/02928020014946485436803.jpg, k-feldsparcrystalinsitu
https://www.mindat.org/photos/514/23/05142330014667198399054.jpg, kfeldspar
https://www.mindat.org//imagecache/33/56/09776950014956528443440.jpg, kfeldspar
https://www.mindat.org//imagecache/a6/2e/06738080014957338024016.jpg, feldspargroup
https://www.mindat.org/photos/162/91/01629150014704157971362.jpg, kfeldspar
https://www.mindat.org//imagecache/54/14/06521630014956528489154.jpg, kfeldspar
https://www.mindat.org/xpic.php?fname=04706320014712848965883.jpg&h=a1df9483d49ac661451573c9bd2b1575, kfeldspar
https://www.mindat.org//imagecache/e6/a7/06398900014977653354083.jpg, karteresfeldsparquarry
https://www.mindat.org/photos/500/90/05009070014716508399267.jpg, kfeldspar
https://www.mindat.org/photos/995/21/09952110014718104922766.jpg, kfeldspar
https://www.mindat.org/photos/058/76/00587660014718105684546.jpg, kfeldspar
https://www.mindat.org//imagecache/7b/de/08188470014977656231524.jpg, kfeldspar
https://www.mindat.org//imagecache/9f/c0/09110540014965023031884.jpg, feldspargroup
https://www.mindat.org//imagecache/cf/ee/05353720014965023036392.jpg, feldspargroup
https://www.mindat.org/xpic.php?fname=01623390014743451243144.jpg&h=63ee697298a79d64d1fa94a42b0a8847, kfeldspar
https://www.mindat.org/xpic.php?fname=03122440014743451534528.jpg&h=3890fc638d79ad6474a29688dbc26991, kfeldspar
https://www.mindat.org/xpic.php?fname=07353230014743450712583.jpg&h=4f86cecd709eb5d24f4fa2f28fafc759, kfeldspar
https://www.mindat.org//imagecache/33/39/02822440014959024334611.jpg, samothrakiquartz-feldspardyke
https://www.mindat.org//imagecache/33/39/02822440014959024334611.jpg, samothrakiquartz-feldspardyke
https://www.mindat.org//imagecache/fc/d5/08133360014977657265221.jpg, feldspargroup
https://www.mindat.org//imagecache/d6/d1/05628660014977659767736.jpg, feldspargroup
https://www.mindat.org//imagecache/27/30/00608450014977455378244.jpg, feldspargroup
https://www.mindat.org/photos/242/40/02424000014785096452953.jpg, kfeldspar
https://www.mindat.org/xpic.php?fname=03023740014848482293141.jpg&h=9089f67fc70b9e4770ce55d44e922986, kfeldspar
https://www.mindat.org//imagecache/e8/9e/00434220014977669644424.jpg, feldspargroup
https://www.mindat.org/photos/693/63/06936320014858399696926.jpg, kfeldspar
https://www.mindat.org/photos/431/84/04318430014859058492167.jpg, kfeldspar
https://www.mindat.org/xpic.php?fname=08177190014860241128593.jpg&h=15ad168cf2ded05e5a923b4f952fdbae, feldspargroup
https://www.mindat.org//imagecache/e4/bd/09762920014977672055138.jpg, feldspargroup
https://www.mindat.org//imagecache/2a/9c/00606230014977672061980.jpg, feldspargroup
https://www.mindat.org/xpic.php?fname=01757270014889326231433.jpg&h=ffef06b63f1a69062eb5ca0ca7f4fdb4, kfeldspar
https://www.mindat.org/xpic.php?fname=05675830014897742068460.jpg&h=f27dccfab7764fb9afde12ec69703588, feldspargroup
https://www.mindat.org//imagecache/90/53/09943610014977675103684.jpg, feldspargroup
https://www.mindat.org//imagecache/3e/83/08890070014950987953808.jpg, haugenfeldsparquarry-mainquarry
https://www.mindat.org/xpic.php?fname=07334620014932988788058.jpg&h=777e329ddaa4fcc019433e38f69e21a4, feldspargroup
https://www.mindat.org/xpic.php?fname=06423250014957312235715.jpg&h=82af0a2735be7dafa261167d1c29e1fd, feldspargroup
https://www.mindat.org/xpic.php?fname=09513970014964521565929.jpg&h=90471c6828e34a609ddb818c0cf02164, kfeldspar
https://www.mindat.org/photos/578/78/05787810014970566803209.jpg, kfeldspar
